{
  "collapse-filter": false,
  "search": "",
  "showTags": false,
  "showAttachments": false,
  "hideUnresolved": false,
  "showOrphans": true,
  "collapse-color-groups": true,
  "colorGroups": [
    {
      "query": "path:\"Капитальные моды\"  ",
      "color": {
        "a": 1,
        "rgb": 14813236
      }
    },
    {
      "query": "path:\"тест\"  ",
      "color": {
        "a": 1,
        "rgb": 15073437
      }
    },
    {
      "query": "path:\"Внешний вид(оформление)\"  ",
      "color": {
        "a": 1,
        "rgb": 14343468
      }
    },
    {
      "query": "path:Декор  ",
      "color": {
        "a": 1,
        "rgb": 13587744
      }
    },
    {
      "query": "path:Core  ",
      "color": {
        "a": 1,
        "rgb": 942475
      }
    },
    {
      "query": "path:Lib  ",
      "color": {
        "a": 1,
        "rgb": 8224207
      }
    },
    {
      "query": "path:Генерация  ",
      "color": {
        "a": 1,
        "rgb": 11621088
      }
    },
    {
      "query": "path:\"Моды для удобства\"  ",
      "color": {
        "a": 1,
        "rgb": 14701233
      }
    }
  ],
  "collapse-display": false,
  "showArrow": false,
  "textFadeMultiplier": -3,
  "nodeSizeMultiplier": 1.50364583333333,
  "lineSizeMultiplier": 1.88645833333333,
  "collapse-forces": true,
  "centerStrength": 0.0833333333333333,
  "repelStrength": 8.02083333333333,
  "linkStrength": 0.802083333333333,
  "linkDistance": 407,
  "scale": 0.1846232622585865,
  "close": true
}