{
  "main": {
    "id": "6ba1a9e8286acd6e",
    "type": "split",
    "children": [
      {
        "id": "9645e1813c4f4a46",
        "type": "tabs",
        "children": [
          {
            "id": "3bccec9077ede627",
            "type": "leaf",
            "state": {
              "type": "markdown",
              "state": {
                "file": "Core/Custom Villager Trades.md",
                "mode": "source",
                "source": false
              },
              "icon": "lucide-file",
              "title": "Custom Villager Trades"
            }
          }
        ]
      },
      {
        "id": "a7eb714839ff21fd",
        "type": "tabs",
        "children": [
          {
            "id": "479eda462f59ce3a",
            "type": "leaf",
            "state": {
              "type": "graph",
              "state": {},
              "icon": "lucide-git-fork",
              "title": "Граф"
            }
          }
        ]
      }
    ],
    "direction": "vertical"
  },
  "left": {
    "id": "21aa4728ca9055c0",
    "type": "split",
    "children": [
      {
        "id": "b955b9e602b76016",
        "type": "tabs",
        "children": [
          {
            "id": "3b93d9550c1c54ea",
            "type": "leaf",
            "state": {
              "type": "file-explorer",
              "state": {
                "sortOrder": "alphabetical",
                "autoReveal": false
              },
              "icon": "lucide-folder-closed",
              "title": "Файловый менеджер"
            }
          },
          {
            "id": "bf7411a7121a58bf",
            "type": "leaf",
            "state": {
              "type": "search",
              "state": {
                "query": "",
                "matchingCase": false,
                "explainSearch": false,
                "collapseAll": false,
                "extraContext": false,
                "sortOrder": "alphabetical"
              },
              "icon": "lucide-search",
              "title": "Поиск"
            }
          },
          {
            "id": "c6ce66be2418d3f1",
            "type": "leaf",
            "state": {
              "type": "bookmarks",
              "state": {},
              "icon": "lucide-bookmark",
              "title": "Закладки"
            }
          }
        ]
      }
    ],
    "direction": "horizontal",
    "width": 300
  },
  "right": {
    "id": "0607b6f1acaee3f4",
    "type": "split",
    "children": [
      {
        "id": "b2730f719200fc17",
        "type": "tabs",
        "children": [
          {
            "id": "7a7b3ee5aac54347",
            "type": "leaf",
            "state": {
              "type": "backlink",
              "state": {
                "collapseAll": false,
                "extraContext": false,
                "sortOrder": "alphabetical",
                "showSearch": false,
                "searchQuery": "",
                "backlinkCollapsed": false,
                "unlinkedCollapsed": true
              },
              "icon": "links-coming-in",
              "title": "Обратные ссылки"
            }
          },
          {
            "id": "60980d308264a8be",
            "type": "leaf",
            "state": {
              "type": "outgoing-link",
              "state": {
                "linksCollapsed": false,
                "unlinkedCollapsed": true
              },
              "icon": "links-going-out",
              "title": "Исходящие ссылки"
            }
          },
          {
            "id": "902f0006e324f020",
            "type": "leaf",
            "state": {
              "type": "tag",
              "state": {
                "sortOrder": "frequency",
                "useHierarchy": true,
                "showSearch": false,
                "searchQuery": ""
              },
              "icon": "lucide-tags",
              "title": "Теги"
            }
          },
          {
            "id": "926db5776d63d9bc",
            "type": "leaf",
            "state": {
              "type": "outline",
              "state": {
                "followCursor": false,
                "showSearch": false,
                "searchQuery": ""
              },
              "icon": "lucide-list",
              "title": "Структура"
            }
          }
        ]
      }
    ],
    "direction": "horizontal",
    "width": 300,
    "collapsed": true
  },
  "left-ribbon": {
    "hiddenItems": {
      "switcher:Меню быстрого перехода": false,
      "graph:Граф": false,
      "canvas:Создать новый холст": false,
      "daily-notes:Сегодняшняя заметка": false,
      "templates:Вставить шаблон": false,
      "command-palette:Открыть палитру команд": false
    }
  },
  "active": "479eda462f59ce3a",
  "lastOpenFiles": [
    "Core/Custom Villager Trades.md",
    "_на добавление/Create.md",
    "Core/Lootr.md",
    "_на добавление/Create Ultimate Factory.md",
    "_на добавление/Create Steam 'n' Rails.md",
    "Core/Infinite Trading.md",
    "_на добавление/VillagerConfig.md",
    "_на добавление/Gateways to Eternity.md",
    "Декор/Pam's HarvestCraft 2 - Food Extended.md",
    "Капитальные моды/Enchanted Witchcraft.md",
    "Lib/StateObserver.md",
    "Генерация/Lithosphere.md",
    "Lib/SmartBrainLib.md",
    "Lib/GeckoLib.md",
    "Lib/CreativeCore.md",
    "Клиент.md",
    "Без названия.canvas",
    "Декор/Joy of Painting.md",
    "Core/ItemPhysic Full.md",
    "Генерация/Nullscape.md",
    "Генерация/Structory.md",
    "_на добавление/SchematicPreview.md",
    "Моды для удобства/Sit.md",
    "Моды для удобства/Customizable Elytra.md",
    "Моды для удобства/Improved Trident.md",
    "Core/NetherPortalFix.md",
    "Декор/All The Trims.md",
    "Моды для удобства",
    "Lib",
    "Core",
    "Декор",
    "Генерация",
    "_на добавление",
    "Капитальные моды",
    "Внешний вид(оформление)"
  ]
}